IDX	Organization	OrganizationID	Repo	RepoID	LabelName	LabelID	LabelColor	LabelDescription	RUNLABEL	LabelName2
286	'IQSS'	'MDEyOk9yZ2FuaXphdGlvbjY3NTIzNw=='	'dataverse-frontend'	'R_kgDOI3pPiw'	'pm.f01-d-y01-a01-t01'	'LA_kwDOI3pPi88AAAABOy9BUA'	'1d76db'	'NIH, yr1, aim1, task1: MVP for registering metadata in the repository'	'TEST'	'pm.GREI-d-1.1.1'
287	'IQSS'	'MDEyOk9yZ2FuaXphdGlvbjY3NTIzNw=='	'dataverse-frontend'	'R_kgDOI3pPiw'	'pm.f01-d-y01-a01-t02'	'LA_kwDOI3pPi88AAAABOy9CWQ'	'1d76db'	'NIH, yr1, aim1, task2: Define a cost recovery model for large dataset support'	'TEST'	'pm.GREI-d-1.1.2'
288	'IQSS'	'MDEyOk9yZ2FuaXphdGlvbjY3NTIzNw=='	'dataverse-frontend'	'R_kgDOI3pPiw'	'pm.f01-d-y01-a02-t01'	'LA_kwDOI3pPi88AAAABOy9DlA'	'1d76db'	'NIH, yr1, aim2, task1: Design and implement integration with controlled voc'	'TEST'	'pm.GREI-d-1.2.1'
289	'IQSS'	'MDEyOk9yZ2FuaXphdGlvbjY3NTIzNw=='	'dataverse-frontend'	'R_kgDOI3pPiw'	'pm.f01-d-y01-a02-t02'	'LA_kwDOI3pPi88AAAABOy9ErA'	'1d76db'	'NIH, yr1, aim2, task2: Define use cases for DDI-CDI support'	'TEST'	'pm.GREI-d-1.2.2'
290	'IQSS'	'MDEyOk9yZ2FuaXphdGlvbjY3NTIzNw=='	'dataverse-frontend'	'R_kgDOI3pPiw'	'pm.f01-d-y01-a03-t01'	'LA_kwDOI3pPi88AAAABOy9F6w'	'1d76db'	'NIH, yr1, aim3, task1: Support software metadata'	'TEST'	'pm.GREI-d-1.3.1'
291	'IQSS'	'MDEyOk9yZ2FuaXphdGlvbjY3NTIzNw=='	'dataverse-frontend'	'R_kgDOI3pPiw'	'pm.f01-d-y01-a03-t02'	'LA_kwDOI3pPi88AAAABOy9HYg'	'1d76db'	'NIH, yr1, aim3, task2: R & D phase biomedical workflows support'	'TEST'	'pm.GREI-d-1.3.2'
292	'IQSS'	'MDEyOk9yZ2FuaXphdGlvbjY3NTIzNw=='	'dataverse-frontend'	'R_kgDOI3pPiw'	'pm.f01-d-y01-a04-t01'	'LA_kwDOI3pPi88AAAABOy9H8w'	'1d76db'	'NIH, yr1, aim4, task1: Resolve OAI-PMH harvesting issues'	'TEST'	'pm.GREI-d-1.4.1'
293	'IQSS'	'MDEyOk9yZ2FuaXphdGlvbjY3NTIzNw=='	'dataverse-frontend'	'R_kgDOI3pPiw'	'pm.f01-d-y01-a04-t02'	'LA_kwDOI3pPi88AAAABOy9JTg'	'1d76db'	'NIH, yr1, aim4, task2: Create working group on packaging standards'	'TEST'	'pm.GREI-d-1.4.2'
294	'IQSS'	'MDEyOk9yZ2FuaXphdGlvbjY3NTIzNw=='	'dataverse-frontend'	'R_kgDOI3pPiw'	'pm.f01-d-y01-a05-t01'	'LA_kwDOI3pPi88AAAABOy9KkQ'	'1d76db'	'NIH, yr1, aim5, task1: Standardize download metrics'	'TEST'	'pm.GREI-d-1.5.1'
295	'IQSS'	'MDEyOk9yZ2FuaXphdGlvbjY3NTIzNw=='	'dataverse-frontend'	'R_kgDOI3pPiw'	'pm.f01-d-y01-a05-t02'	'LA_kwDOI3pPi88AAAABOy9OXA'	'1d76db'	'NIH, yr1, aim5, task2: WG with other repositories to follow Make Data Count recommendations'	'TEST'	'pm.GREI-d-1.5.2'
296	'IQSS'	'MDEyOk9yZ2FuaXphdGlvbjY3NTIzNw=='	'dataverse-frontend'	'R_kgDOI3pPiw'	'pm.f01-d-y01-a06-t01'	'LA_kwDOI3pPi88AAAABOy9P0g'	'1d76db'	'NIH, yr1, aim6, task1: Integrate OpenDP tools on private statistical releases'	'TEST'	'pm.GREI-d-1.6.1'
297	'IQSS'	'MDEyOk9yZ2FuaXphdGlvbjY3NTIzNw=='	'dataverse-frontend'	'R_kgDOI3pPiw'	'pm.f01-d-y01-a06-t02'	'LA_kwDOI3pPi88AAAABOy9RMg'	'1d76db'	'NIH, yr1, aim6, task2: Discovery phase to support DataTag'	'TEST'	'pm.GREI-d-1.6.2'
298	'IQSS'	'MDEyOk9yZ2FuaXphdGlvbjY3NTIzNw=='	'dataverse-frontend'	'R_kgDOI3pPiw'	'pm.f01-d-y01-a07-t01'	'LA_kwDOI3pPi88AAAABOy9Sgw'	'1d76db'	'NIH, yr1, aim7, task1: Research & architecture for separating backend and frontend'	'TEST'	'pm.GREI-d-1.7.1'
299	'IQSS'	'MDEyOk9yZ2FuaXphdGlvbjY3NTIzNw=='	'dataverse-frontend'	'R_kgDOI3pPiw'	'pm.f01-d-y01-a07-t02'	'LA_kwDOI3pPi88AAAABOy9Tsg'	'1d76db'	'NIH, yr1, aim7, task2: Improve the dataset landing page'	'TEST'	'pm.GREI-d-1.7.2'
300	'IQSS'	'MDEyOk9yZ2FuaXphdGlvbjY3NTIzNw=='	'dataverse-frontend'	'R_kgDOI3pPiw'	'pm.f01-d-y01-a08-t01'	'LA_kwDOI3pPi88AAAABOy9U8g'	'1d76db'	'NIH, yr1, aim8, task1: Provide support for researchers using Harvard Med…'	'TEST'	'pm.GREI-d-1.8.1'
301	'IQSS'	'MDEyOk9yZ2FuaXphdGlvbjY3NTIzNw=='	'dataverse-frontend'	'R_kgDOI3pPiw'	'pm.f01-d-y01-a08-t02'	'LA_kwDOI3pPi88AAAABOy9WFQ'	'1d76db'	'NIH, yr1, aim8, task2: Outreach, training,'	'TEST'	'pm.GREI-d-1.8.2'
302	'IQSS'	'MDEyOk9yZ2FuaXphdGlvbjY3NTIzNw=='	'dataverse-frontend'	'R_kgDOI3pPiw'	'pm.f01-d-y02-a01-t01'	'LA_kwDOI3pPi88AAAABOy9XKg'	'1d76db'	'NIH, yr2, aim1, task1: Metadata reg lg datasets integr w rsrch comp NIH-fund cost recvry mdl'	'TEST'	'pm.GREI-d-2.1.1'
303	'IQSS'	'MDEyOk9yZ2FuaXphdGlvbjY3NTIzNw=='	'dataverse-frontend'	'R_kgDOI3pPiw'	'pm.f01-d-y02-a01-t02'	'LA_kwDOI3pPi88AAAABOy9YoA'	'1d76db'	'NIH, yr2, aim1, task2: MVP for integration the repository with computation (NERC)'	'TEST'	'pm.GREI-d-2.1.2'
304	'IQSS'	'MDEyOk9yZ2FuaXphdGlvbjY3NTIzNw=='	'dataverse-frontend'	'R_kgDOI3pPiw'	'pm.f01-d-y02-a02-t01'	'LA_kwDOI3pPi88AAAABOy9Zmw'	'1d76db'	'NIH, yr2, aim2, task1: Design and implement support for DDI-CDI'	'TEST'	'pm.GREI-d-2.2.1'
305	'IQSS'	'MDEyOk9yZ2FuaXphdGlvbjY3NTIzNw=='	'dataverse-frontend'	'R_kgDOI3pPiw'	'pm.f01-d-y02-a02-t02'	'LA_kwDOI3pPi88AAAABOy9a0Q'	'1d76db'	'NIH, yr2, aim2, task2: Define use cases for supporting biomedical metadata standards'	'TEST'	'pm.GREI-d-2.2.2'
306	'IQSS'	'MDEyOk9yZ2FuaXphdGlvbjY3NTIzNw=='	'dataverse-frontend'	'R_kgDOI3pPiw'	'pm.f01-d-y02-a03-t01'	'LA_kwDOI3pPi88AAAABOy9cBw'	'1d76db'	'NIH, yr2, aim3, task1: Support biomedical workflows'	'TEST'	'pm.GREI-d-2.3.1'
307	'IQSS'	'MDEyOk9yZ2FuaXphdGlvbjY3NTIzNw=='	'dataverse-frontend'	'R_kgDOI3pPiw'	'pm.f01-d-y02-a03-t02'	'LA_kwDOI3pPi88AAAABOy9dWg'	'1d76db'	'NIH, yr2, aim3, task2: Research and discovery phase for containers and research objects support'	'TEST'	'pm.GREI-d-2.3.2'
308	'IQSS'	'MDEyOk9yZ2FuaXphdGlvbjY3NTIzNw=='	'dataverse-frontend'	'R_kgDOI3pPiw'	'pm.f01-d-y02-a04-t01'	'LA_kwDOI3pPi88AAAABOy9eQA'	'1d76db'	'NIH, yr2, aim4, task1: Implement packaging standards based on working group feedback'	'TEST'	'pm.GREI-d-2.4.1'
309	'IQSS'	'MDEyOk9yZ2FuaXphdGlvbjY3NTIzNw=='	'dataverse-frontend'	'R_kgDOI3pPiw'	'pm.f01-d-y02-a05-t01'	'LA_kwDOI3pPi88AAAABOy9fcA'	'1d76db'	'NIH, yr2, aim5, task1: Usage reports and data citation metrics based on Make Data Count'	'TEST'	'pm.GREI-d-2.5.1'
310	'IQSS'	'MDEyOk9yZ2FuaXphdGlvbjY3NTIzNw=='	'dataverse-frontend'	'R_kgDOI3pPiw'	'pm.f01-d-y02-a06-t01'	'LA_kwDOI3pPi88AAAABOy9gmA'	'1d76db'	'NIH, yr2, aim6, task1: Test differentially private releases with NIH-funded datasets'	'TEST'	'pm.GREI-d-2.6.1'
311	'IQSS'	'MDEyOk9yZ2FuaXphdGlvbjY3NTIzNw=='	'dataverse-frontend'	'R_kgDOI3pPiw'	'pm.f01-d-y02-a06-t02'	'LA_kwDOI3pPi88AAAABOy9h3g'	'1d76db'	'NIH, yr2, aim6, task2: Design and implement MVP for DataTags levels'	'TEST'	'pm.GREI-d-2.6.2'
312	'IQSS'	'MDEyOk9yZ2FuaXphdGlvbjY3NTIzNw=='	'dataverse-frontend'	'R_kgDOI3pPiw'	'pm.f01-d-y02-a07-t01'	'LA_kwDOI3pPi88AAAABOy9jKg'	'1d76db'	'NIH, yr2, aim7, task1: R&D UI modules for creating datasets and supporting publishing workflows'	'TEST'	'pm.GREI-d-2.7.1'
313	'IQSS'	'MDEyOk9yZ2FuaXphdGlvbjY3NTIzNw=='	'dataverse-frontend'	'R_kgDOI3pPiw'	'pm.f01-d-y02-a07-t02'	'LA_kwDOI3pPi88AAAABOy9kaQ'	'1d76db'	'NIH, yr2, aim7, task2: Implement UI modules for creating datasets and publishing workflows'	'TEST'	'pm.GREI-d-2.7.2'
314	'IQSS'	'MDEyOk9yZ2FuaXphdGlvbjY3NTIzNw=='	'dataverse-frontend'	'R_kgDOI3pPiw'	'pm.f01-d-y02-a08-t01'	'LA_kwDOI3pPi88AAAABOy9loQ'	'1d76db'	'NIH, yr2, aim8, task1: Design and create new data curation services focused on biomedical metadata'	'TEST'	'pm.GREI-d-2.8.1'
315	'IQSS'	'MDEyOk9yZ2FuaXphdGlvbjY3NTIzNw=='	'dataverse-frontend'	'R_kgDOI3pPiw'	'pm.f01-d-y02-a08-t02'	'LA_kwDOI3pPi88AAAABOy9myw'	'1d76db'	'NIH, yr2, aim8, task2: Outreach, training, on Generalist repositoriesincludin Community meeting'	'TEST'	'pm.GREI-d-2.8.2'
41	'IQSS'	'MDEyOk9yZ2FuaXphdGlvbjY3NTIzNw=='	'dataverse.harvard.edu'	'MDEwOlJlcG9zaXRvcnkxNzQwNTY1NTE='	'pm.f01-d-y01-a01-t01'	'LA_kwDOCl_kZ88AAAABOy9ArA'	'1d76db'	'NIH, yr1, aim1, task1: MVP for registering metadata in the repository'	'TEST'	'pm.GREI-d-1.1.1'
42	'IQSS'	'MDEyOk9yZ2FuaXphdGlvbjY3NTIzNw=='	'dataverse.harvard.edu'	'MDEwOlJlcG9zaXRvcnkxNzQwNTY1NTE='	'pm.f01-d-y01-a01-t02'	'LA_kwDOCl_kZ88AAAABOy9B5A'	'1d76db'	'NIH, yr1, aim1, task2: Define a cost recovery model for large dataset support'	'TEST'	'pm.GREI-d-1.1.2'
43	'IQSS'	'MDEyOk9yZ2FuaXphdGlvbjY3NTIzNw=='	'dataverse.harvard.edu'	'MDEwOlJlcG9zaXRvcnkxNzQwNTY1NTE='	'pm.f01-d-y01-a02-t01'	'LA_kwDOCl_kZ88AAAABOy9C4A'	'1d76db'	'NIH, yr1, aim2, task1: Design and implement integration with controlled voc'	'TEST'	'pm.GREI-d-1.2.1'
44	'IQSS'	'MDEyOk9yZ2FuaXphdGlvbjY3NTIzNw=='	'dataverse.harvard.edu'	'MDEwOlJlcG9zaXRvcnkxNzQwNTY1NTE='	'pm.f01-d-y01-a02-t02'	'LA_kwDOCl_kZ88AAAABOy9ESQ'	'1d76db'	'NIH, yr1, aim2, task2: Define use cases for DDI-CDI support'	'TEST'	'pm.GREI-d-1.2.2'
45	'IQSS'	'MDEyOk9yZ2FuaXphdGlvbjY3NTIzNw=='	'dataverse.harvard.edu'	'MDEwOlJlcG9zaXRvcnkxNzQwNTY1NTE='	'pm.f01-d-y01-a03-t01'	'LA_kwDOCl_kZ88AAAABOy9FVQ'	'1d76db'	'NIH, yr1, aim3, task1: Support software metadata'	'TEST'	'pm.GREI-d-1.3.1'
46	'IQSS'	'MDEyOk9yZ2FuaXphdGlvbjY3NTIzNw=='	'dataverse.harvard.edu'	'MDEwOlJlcG9zaXRvcnkxNzQwNTY1NTE='	'pm.f01-d-y01-a03-t02'	'LA_kwDOCl_kZ88AAAABOy9GlQ'	'1d76db'	'NIH, yr1, aim3, task2: R & D phase biomedical workflows support'	'TEST'	'pm.GREI-d-1.3.2'
47	'IQSS'	'MDEyOk9yZ2FuaXphdGlvbjY3NTIzNw=='	'dataverse.harvard.edu'	'MDEwOlJlcG9zaXRvcnkxNzQwNTY1NTE='	'pm.f01-d-y01-a04-t01'	'LA_kwDOCl_kZ88AAAABOy9HsA'	'1d76db'	'NIH, yr1, aim4, task1: Resolve OAI-PMH harvesting issues'	'TEST'	'pm.GREI-d-1.4.1'
48	'IQSS'	'MDEyOk9yZ2FuaXphdGlvbjY3NTIzNw=='	'dataverse.harvard.edu'	'MDEwOlJlcG9zaXRvcnkxNzQwNTY1NTE='	'pm.f01-d-y01-a04-t02'	'LA_kwDOCl_kZ88AAAABOy9Ikg'	'1d76db'	'NIH, yr1, aim4, task2: Create working group on packaging standards'	'TEST'	'pm.GREI-d-1.4.2'
49	'IQSS'	'MDEyOk9yZ2FuaXphdGlvbjY3NTIzNw=='	'dataverse.harvard.edu'	'MDEwOlJlcG9zaXRvcnkxNzQwNTY1NTE='	'pm.f01-d-y01-a05-t01'	'LA_kwDOCl_kZ88AAAABOy9J3g'	'1d76db'	'NIH, yr1, aim5, task1: Standardize download metrics'	'TEST'	'pm.GREI-d-1.5.1'
50	'IQSS'	'MDEyOk9yZ2FuaXphdGlvbjY3NTIzNw=='	'dataverse.harvard.edu'	'MDEwOlJlcG9zaXRvcnkxNzQwNTY1NTE='	'pm.f01-d-y01-a05-t02'	'LA_kwDOCl_kZ88AAAABOy9LLQ'	'1d76db'	'NIH, yr1, aim5, task2: WG with other repositories to follow Make Data Count recommendations'	'TEST'	'pm.GREI-d-1.5.2'
51	'IQSS'	'MDEyOk9yZ2FuaXphdGlvbjY3NTIzNw=='	'dataverse.harvard.edu'	'MDEwOlJlcG9zaXRvcnkxNzQwNTY1NTE='	'pm.f01-d-y01-a06-t01'	'LA_kwDOCl_kZ88AAAABOy9PLQ'	'1d76db'	'NIH, yr1, aim6, task1: Integrate OpenDP tools on private statistical releases'	'TEST'	'pm.GREI-d-1.6.1'
52	'IQSS'	'MDEyOk9yZ2FuaXphdGlvbjY3NTIzNw=='	'dataverse.harvard.edu'	'MDEwOlJlcG9zaXRvcnkxNzQwNTY1NTE='	'pm.f01-d-y01-a06-t02'	'LA_kwDOCl_kZ88AAAABOy9QiA'	'1d76db'	'NIH, yr1, aim6, task2: Discovery phase to support DataTag'	'TEST'	'pm.GREI-d-1.6.2'
53	'IQSS'	'MDEyOk9yZ2FuaXphdGlvbjY3NTIzNw=='	'dataverse.harvard.edu'	'MDEwOlJlcG9zaXRvcnkxNzQwNTY1NTE='	'pm.f01-d-y01-a07-t01'	'LA_kwDOCl_kZ88AAAABOy9Rzg'	'1d76db'	'NIH, yr1, aim7, task1: Research & architecture for separating backend and frontend'	'TEST'	'pm.GREI-d-1.7.1'
54	'IQSS'	'MDEyOk9yZ2FuaXphdGlvbjY3NTIzNw=='	'dataverse.harvard.edu'	'MDEwOlJlcG9zaXRvcnkxNzQwNTY1NTE='	'pm.f01-d-y01-a07-t02'	'LA_kwDOCl_kZ88AAAABOy9TDg'	'1d76db'	'NIH, yr1, aim7, task2: Improve the dataset landing page'	'TEST'	'pm.GREI-d-1.7.2'
55	'IQSS'	'MDEyOk9yZ2FuaXphdGlvbjY3NTIzNw=='	'dataverse.harvard.edu'	'MDEwOlJlcG9zaXRvcnkxNzQwNTY1NTE='	'pm.f01-d-y01-a08-t01'	'LA_kwDOCl_kZ88AAAABOy9UUg'	'1d76db'	'NIH, yr1, aim8, task1: Provide support for researchers using Harvard Med…'	'TEST'	'pm.GREI-d-1.8.1'
56	'IQSS'	'MDEyOk9yZ2FuaXphdGlvbjY3NTIzNw=='	'dataverse.harvard.edu'	'MDEwOlJlcG9zaXRvcnkxNzQwNTY1NTE='	'pm.f01-d-y01-a08-t02'	'LA_kwDOCl_kZ88AAAABOy9VkQ'	'1d76db'	'NIH, yr1, aim8, task2: Outreach, training,'	'TEST'	'pm.GREI-d-1.8.2'
57	'IQSS'	'MDEyOk9yZ2FuaXphdGlvbjY3NTIzNw=='	'dataverse.harvard.edu'	'MDEwOlJlcG9zaXRvcnkxNzQwNTY1NTE='	'pm.f01-d-y02-a01-t01'	'LA_kwDOCl_kZ88AAAABOy9Wtw'	'1d76db'	'NIH, yr2, aim1, task1: Metadata reg lg datasets integr w rsrch comp NIH-fund cost recvry mdl'	'TEST'	'pm.GREI-d-2.1.1'
58	'IQSS'	'MDEyOk9yZ2FuaXphdGlvbjY3NTIzNw=='	'dataverse.harvard.edu'	'MDEwOlJlcG9zaXRvcnkxNzQwNTY1NTE='	'pm.f01-d-y02-a01-t02'	'LA_kwDOCl_kZ88AAAABOy9X-Q'	'1d76db'	'NIH, yr2, aim1, task2: MVP for integration the repository with computation (NERC)'	'TEST'	'pm.GREI-d-2.1.2'
59	'IQSS'	'MDEyOk9yZ2FuaXphdGlvbjY3NTIzNw=='	'dataverse.harvard.edu'	'MDEwOlJlcG9zaXRvcnkxNzQwNTY1NTE='	'pm.f01-d-y02-a02-t01'	'LA_kwDOCl_kZ88AAAABOy9ZGw'	'1d76db'	'NIH, yr2, aim2, task1: Design and implement support for DDI-CDI'	'TEST'	'pm.GREI-d-2.2.1'
60	'IQSS'	'MDEyOk9yZ2FuaXphdGlvbjY3NTIzNw=='	'dataverse.harvard.edu'	'MDEwOlJlcG9zaXRvcnkxNzQwNTY1NTE='	'pm.f01-d-y02-a02-t02'	'LA_kwDOCl_kZ88AAAABOy9aEw'	'1d76db'	'NIH, yr2, aim2, task2: Define use cases for supporting biomedical metadata standards'	'TEST'	'pm.GREI-d-2.2.2'
61	'IQSS'	'MDEyOk9yZ2FuaXphdGlvbjY3NTIzNw=='	'dataverse.harvard.edu'	'MDEwOlJlcG9zaXRvcnkxNzQwNTY1NTE='	'pm.f01-d-y02-a03-t01'	'LA_kwDOCl_kZ88AAAABOy9bnw'	'1d76db'	'NIH, yr2, aim3, task1: Support biomedical workflows'	'TEST'	'pm.GREI-d-2.3.1'
62	'IQSS'	'MDEyOk9yZ2FuaXphdGlvbjY3NTIzNw=='	'dataverse.harvard.edu'	'MDEwOlJlcG9zaXRvcnkxNzQwNTY1NTE='	'pm.f01-d-y02-a03-t02'	'LA_kwDOCl_kZ88AAAABOy9cpg'	'1d76db'	'NIH, yr2, aim3, task2: Research and discovery phase for containers and research objects support'	'TEST'	'pm.GREI-d-2.3.2'
63	'IQSS'	'MDEyOk9yZ2FuaXphdGlvbjY3NTIzNw=='	'dataverse.harvard.edu'	'MDEwOlJlcG9zaXRvcnkxNzQwNTY1NTE='	'pm.f01-d-y02-a04-t01'	'LA_kwDOCl_kZ88AAAABOy9dtA'	'1d76db'	'NIH, yr2, aim4, task1: Implement packaging standards based on working group feedback'	'TEST'	'pm.GREI-d-2.4.1'
64	'IQSS'	'MDEyOk9yZ2FuaXphdGlvbjY3NTIzNw=='	'dataverse.harvard.edu'	'MDEwOlJlcG9zaXRvcnkxNzQwNTY1NTE='	'pm.f01-d-y02-a05-t01'	'LA_kwDOCl_kZ88AAAABOy9e4g'	'1d76db'	'NIH, yr2, aim5, task1: Usage reports and data citation metrics based on Make Data Count'	'TEST'	'pm.GREI-d-2.5.1'
65	'IQSS'	'MDEyOk9yZ2FuaXphdGlvbjY3NTIzNw=='	'dataverse.harvard.edu'	'MDEwOlJlcG9zaXRvcnkxNzQwNTY1NTE='	'pm.f01-d-y02-a06-t01'	'LA_kwDOCl_kZ88AAAABOy9gLA'	'1d76db'	'NIH, yr2, aim6, task1: Test differentially private releases with NIH-funded datasets'	'TEST'	'pm.GREI-d-2.6.1'
66	'IQSS'	'MDEyOk9yZ2FuaXphdGlvbjY3NTIzNw=='	'dataverse.harvard.edu'	'MDEwOlJlcG9zaXRvcnkxNzQwNTY1NTE='	'pm.f01-d-y02-a06-t02'	'LA_kwDOCl_kZ88AAAABOy9hQQ'	'1d76db'	'NIH, yr2, aim6, task2: Design and implement MVP for DataTags levels'	'TEST'	'pm.GREI-d-2.6.2'
67	'IQSS'	'MDEyOk9yZ2FuaXphdGlvbjY3NTIzNw=='	'dataverse.harvard.edu'	'MDEwOlJlcG9zaXRvcnkxNzQwNTY1NTE='	'pm.f01-d-y02-a07-t01'	'LA_kwDOCl_kZ88AAAABOy9iXw'	'1d76db'	'NIH, yr2, aim7, task1: R&D UI modules for creating datasets and supporting publishing workflows'	'TEST'	'pm.GREI-d-2.7.1'
68	'IQSS'	'MDEyOk9yZ2FuaXphdGlvbjY3NTIzNw=='	'dataverse.harvard.edu'	'MDEwOlJlcG9zaXRvcnkxNzQwNTY1NTE='	'pm.f01-d-y02-a07-t02'	'LA_kwDOCl_kZ88AAAABOy9jog'	'1d76db'	'NIH, yr2, aim7, task2: Implement UI modules for creating datasets and publishing workflows'	'TEST'	'pm.GREI-d-2.7.2'
69	'IQSS'	'MDEyOk9yZ2FuaXphdGlvbjY3NTIzNw=='	'dataverse.harvard.edu'	'MDEwOlJlcG9zaXRvcnkxNzQwNTY1NTE='	'pm.f01-d-y02-a08-t01'	'LA_kwDOCl_kZ88AAAABOy9k_g'	'1d76db'	'NIH, yr2, aim8, task1: Design and create new data curation services focused on biomedical metadata'	'TEST'	'pm.GREI-d-2.8.1'
70	'IQSS'	'MDEyOk9yZ2FuaXphdGlvbjY3NTIzNw=='	'dataverse.harvard.edu'	'MDEwOlJlcG9zaXRvcnkxNzQwNTY1NTE='	'pm.f01-d-y02-a08-t02'	'LA_kwDOCl_kZ88AAAABOy9mXw'	'1d76db'	'NIH, yr2, aim8, task2: Outreach, training, on Generalist repositoriesincludin Community meeting'	'TEST'	'pm.GREI-d-2.8.2'
40	'IQSS'	'MDEyOk9yZ2FuaXphdGlvbjY3NTIzNw=='	'dataverse.harvard.edu'	'MDEwOlJlcG9zaXRvcnkxNzQwNTY1NTE='	'pm.netcdf-hdf5.d'	'LA_kwDOCl_kZ88AAAABNpI7Cg'	'1d76db'	'NIH ODSS supplement (NetCDF)'	'TEST'	'pm.netcdf-hdf5.d'

